seq_id,backbone,clean_backbone,pert_type,pert_rmsd,ideal_backbone_pdb,perturbed_backbone_pdb,best_pdb,rmsd_to_ideal,rmsd_to_perturbed,delta_rmsd_pert_minus_ideal,ratio_rmsd_pert_over_ideal,mean_plddt,mean_pae_offdiag
"1fna_clean_coord_rmsd0.5,_seq001","1fna_clean_coord_rmsd0.5,",1fna_clean_coord_rmsd0.5,coord,0.5,pdb_minimized/1fna_clean_minimized.pdb,pdb_perturbed/1fna_clean_coord_rmsd0.5.pdb,af2_outputs/1fna_clean_coord_rmsd0.5__seq001_unrelaxed_rank_001_alphafold2_ptm_model_1_seed_000.pdb,1.601292371749878,1.6261281967163086,0.024835824966430664,1.0155098627862007,84.85417582417583,6.206991452991454
"1fna_clean_coord_rmsd1.0,_seq001","1fna_clean_coord_rmsd1.0,",1fna_clean_coord_rmsd1.0,coord,1.0,pdb_minimized/1fna_clean_minimized.pdb,pdb_perturbed/1fna_clean_coord_rmsd1.0.pdb,af2_outputs/1fna_clean_coord_rmsd1.0__seq001_unrelaxed_rank_001_alphafold2_ptm_model_1_seed_000.pdb,1.601292371749878,1.6647289991378784,0.06343662738800049,1.0396158930793367,84.85417582417583,6.206991452991454
"1fna_clean_dihedral_rmsd0.5,_seq001","1fna_clean_dihedral_rmsd0.5,",1fna_clean_dihedral_rmsd0.5,dihedral,0.5,pdb_minimized/1fna_clean_minimized.pdb,pdb_perturbed/1fna_clean_dihedral_rmsd0.5.pdb,af2_outputs/1fna_clean_dihedral_rmsd0.5__seq001_unrelaxed_rank_001_alphafold2_ptm_model_1_seed_000.pdb,1.601292371749878,3.5077896118164062,1.9064972400665283,2.1905990896485226,84.85417582417583,6.206991452991454
"1fna_clean_dihedral_rmsd1.0,_seq001","1fna_clean_dihedral_rmsd1.0,",1fna_clean_dihedral_rmsd1.0,dihedral,1.0,pdb_minimized/1fna_clean_minimized.pdb,pdb_perturbed/1fna_clean_dihedral_rmsd1.0.pdb,af2_outputs/1fna_clean_dihedral_rmsd1.0__seq001_unrelaxed_rank_001_alphafold2_ptm_model_1_seed_000.pdb,1.601292371749878,7.8094964027404785,6.208204030990601,4.876995944348583,84.85417582417583,6.206991452991454
"1fna_clean_dihedral_rmsd2.0,_seq001","1fna_clean_dihedral_rmsd2.0,",1fna_clean_dihedral_rmsd2.0,dihedral,2.0,pdb_minimized/1fna_clean_minimized.pdb,pdb_perturbed/1fna_clean_dihedral_rmsd2.0.pdb,af2_outputs/1fna_clean_dihedral_rmsd2.0__seq001_unrelaxed_rank_001_alphafold2_ptm_model_1_seed_000.pdb,1.601292371749878,9.992097854614258,8.39080548286438,6.2400208924338925,84.85417582417583,6.206991452991454
"1fna_clean_ideal,_seq001","1fna_clean_ideal,",1fna_clean_ideal,ideal,0.0,pdb_minimized/1fna_clean_minimized.pdb,pdb_perturbed/1fna_clean_ideal.pdb,af2_outputs/1fna_clean_ideal__seq001_unrelaxed_rank_001_alphafold2_ptm_model_1_seed_000.pdb,1.601292371749878,1.601292371749878,0.0,1.0,84.85417582417583,6.206991452991454
"1ris_clean_coord_rmsd0.5,_seq001","1ris_clean_coord_rmsd0.5,",1ris_clean_coord_rmsd0.5,coord,0.5,pdb_minimized/1ris_clean_minimized.pdb,pdb_perturbed/1ris_clean_coord_rmsd0.5.pdb,af2_outputs/1ris_clean_coord_rmsd0.5__seq001_unrelaxed_rank_001_alphafold2_ptm_model_1_seed_000.pdb,1.6696432828903198,1.6748090982437134,0.005165815353393555,1.0030939634868898,92.27494845360825,3.924195661512028
"1ris_clean_coord_rmsd1.0,_seq001","1ris_clean_coord_rmsd1.0,",1ris_clean_coord_rmsd1.0,coord,1.0,pdb_minimized/1ris_clean_minimized.pdb,pdb_perturbed/1ris_clean_coord_rmsd1.0.pdb,af2_outputs/1ris_clean_coord_rmsd1.0__seq001_unrelaxed_rank_001_alphafold2_ptm_model_1_seed_000.pdb,1.6696432828903198,1.705067753791809,0.03542447090148926,1.0212167899961038,92.27494845360825,3.924195661512028
"1ris_clean_dihedral_rmsd0.5,_seq001","1ris_clean_dihedral_rmsd0.5,",1ris_clean_dihedral_rmsd0.5,dihedral,0.5,pdb_minimized/1ris_clean_minimized.pdb,pdb_perturbed/1ris_clean_dihedral_rmsd0.5.pdb,af2_outputs/1ris_clean_dihedral_rmsd0.5__seq001_unrelaxed_rank_001_alphafold2_ptm_model_1_seed_000.pdb,1.6696432828903198,4.313670635223389,2.644027352333069,2.5835881708552697,92.27494845360825,3.924195661512028
"1ris_clean_dihedral_rmsd1.0,_seq001","1ris_clean_dihedral_rmsd1.0,",1ris_clean_dihedral_rmsd1.0,dihedral,1.0,pdb_minimized/1ris_clean_minimized.pdb,pdb_perturbed/1ris_clean_dihedral_rmsd1.0.pdb,af2_outputs/1ris_clean_dihedral_rmsd1.0__seq001_unrelaxed_rank_001_alphafold2_ptm_model_1_seed_000.pdb,1.6696432828903198,4.508209228515625,2.838565945625305,2.7001032344534477,92.27494845360825,3.924195661512028
"1ris_clean_dihedral_rmsd2.0,_seq001","1ris_clean_dihedral_rmsd2.0,",1ris_clean_dihedral_rmsd2.0,dihedral,2.0,pdb_minimized/1ris_clean_minimized.pdb,pdb_perturbed/1ris_clean_dihedral_rmsd2.0.pdb,af2_outputs/1ris_clean_dihedral_rmsd2.0__seq001_unrelaxed_rank_001_alphafold2_ptm_model_1_seed_000.pdb,1.6696432828903198,11.338617324829102,9.668974041938782,6.791041799779423,92.27494845360825,3.924195661512028
"1ris_clean_ideal,_seq001","1ris_clean_ideal,",1ris_clean_ideal,ideal,0.0,pdb_minimized/1ris_clean_minimized.pdb,pdb_perturbed/1ris_clean_ideal.pdb,af2_outputs/1ris_clean_ideal__seq001_unrelaxed_rank_001_alphafold2_ptm_model_1_seed_000.pdb,1.6696432828903198,1.6696432828903198,0.0,1.0,92.27494845360825,3.924195661512028
"1ten_clean_coord_rmsd0.5,_seq001","1ten_clean_coord_rmsd0.5,",1ten_clean_coord_rmsd0.5,coord,0.5,pdb_minimized/1ten_clean_minimized.pdb,pdb_perturbed/1ten_clean_coord_rmsd0.5.pdb,af2_outputs/1ten_clean_coord_rmsd0.5__seq001_unrelaxed_rank_001_alphafold2_ptm_model_1_seed_000.pdb,0.44800230860710144,0.5086367726325989,0.060634464025497437,1.135344088324049,91.0705617977528,4.283255873340142
"1ten_clean_coord_rmsd1.0,_seq001","1ten_clean_coord_rmsd1.0,",1ten_clean_coord_rmsd1.0,coord,1.0,pdb_minimized/1ten_clean_minimized.pdb,pdb_perturbed/1ten_clean_coord_rmsd1.0.pdb,af2_outputs/1ten_clean_coord_rmsd1.0__seq001_unrelaxed_rank_001_alphafold2_ptm_model_1_seed_000.pdb,0.44800230860710144,0.6781160235404968,0.23011371493339539,1.5136440382391096,91.0705617977528,4.283255873340142
"1ten_clean_dihedral_rmsd0.5,_seq001","1ten_clean_dihedral_rmsd0.5,",1ten_clean_dihedral_rmsd0.5,dihedral,0.5,pdb_minimized/1ten_clean_minimized.pdb,pdb_perturbed/1ten_clean_dihedral_rmsd0.5.pdb,af2_outputs/1ten_clean_dihedral_rmsd0.5__seq001_unrelaxed_rank_001_alphafold2_ptm_model_1_seed_000.pdb,0.44800230860710144,2.768923759460449,2.320921450853348,6.180601542142496,91.0705617977528,4.283255873340142
"1ten_clean_dihedral_rmsd1.0,_seq001","1ten_clean_dihedral_rmsd1.0,",1ten_clean_dihedral_rmsd1.0,dihedral,1.0,pdb_minimized/1ten_clean_minimized.pdb,pdb_perturbed/1ten_clean_dihedral_rmsd1.0.pdb,af2_outputs/1ten_clean_dihedral_rmsd1.0__seq001_unrelaxed_rank_001_alphafold2_ptm_model_1_seed_000.pdb,0.44800230860710144,6.560040473937988,6.112038165330887,14.642872029686686,91.0705617977528,4.283255873340142
"1ten_clean_dihedral_rmsd2.0,_seq001","1ten_clean_dihedral_rmsd2.0,",1ten_clean_dihedral_rmsd2.0,dihedral,2.0,pdb_minimized/1ten_clean_minimized.pdb,pdb_perturbed/1ten_clean_dihedral_rmsd2.0.pdb,af2_outputs/1ten_clean_dihedral_rmsd2.0__seq001_unrelaxed_rank_001_alphafold2_ptm_model_1_seed_000.pdb,0.44800230860710144,11.794882774353027,11.346880465745926,26.32772766512048,91.0705617977528,4.283255873340142
"1ten_clean_ideal,_seq001","1ten_clean_ideal,",1ten_clean_ideal,ideal,0.0,pdb_minimized/1ten_clean_minimized.pdb,pdb_perturbed/1ten_clean_ideal.pdb,af2_outputs/1ten_clean_ideal__seq001_unrelaxed_rank_001_alphafold2_ptm_model_1_seed_000.pdb,0.44800230860710144,0.44800230860710144,0.0,1.0,91.0705617977528,4.283255873340142
"1ycc_clean_coord_rmsd0.5,_seq001","1ycc_clean_coord_rmsd0.5,",1ycc_clean_coord_rmsd0.5,coord,0.5,pdb_minimized/1ycc_clean_minimized.pdb,pdb_perturbed/1ycc_clean_coord_rmsd0.5.pdb,af2_outputs/1ycc_clean_coord_rmsd0.5__seq001_unrelaxed_rank_001_alphafold2_ptm_model_1_seed_000.pdb,0.9717521071434021,1.0154329538345337,0.04368084669113159,1.044950606610504,94.31440366972475,3.340506286102616
"1ycc_clean_coord_rmsd1.0,_seq001","1ycc_clean_coord_rmsd1.0,",1ycc_clean_coord_rmsd1.0,coord,1.0,pdb_minimized/1ycc_clean_minimized.pdb,pdb_perturbed/1ycc_clean_coord_rmsd1.0.pdb,af2_outputs/1ycc_clean_coord_rmsd1.0__seq001_unrelaxed_rank_001_alphafold2_ptm_model_1_seed_000.pdb,0.9717521071434021,1.0973774194717407,0.12562531232833862,1.1292771185211332,94.31440366972475,3.340506286102616
"1ycc_clean_dihedral_rmsd0.5,_seq001","1ycc_clean_dihedral_rmsd0.5,",1ycc_clean_dihedral_rmsd0.5,dihedral,0.5,pdb_minimized/1ycc_clean_minimized.pdb,pdb_perturbed/1ycc_clean_dihedral_rmsd0.5.pdb,af2_outputs/1ycc_clean_dihedral_rmsd0.5__seq001_unrelaxed_rank_001_alphafold2_ptm_model_1_seed_000.pdb,0.9717521071434021,3.336995840072632,2.3652437329292297,3.4339990781004697,94.31440366972475,3.340506286102616
"1ycc_clean_dihedral_rmsd1.0,_seq001","1ycc_clean_dihedral_rmsd1.0,",1ycc_clean_dihedral_rmsd1.0,dihedral,1.0,pdb_minimized/1ycc_clean_minimized.pdb,pdb_perturbed/1ycc_clean_dihedral_rmsd1.0.pdb,af2_outputs/1ycc_clean_dihedral_rmsd1.0__seq001_unrelaxed_rank_001_alphafold2_ptm_model_1_seed_000.pdb,0.9717521071434021,5.20831298828125,4.236560881137848,5.3597136039064495,94.31440366972475,3.340506286102616
"1ycc_clean_dihedral_rmsd2.0,_seq001","1ycc_clean_dihedral_rmsd2.0,",1ycc_clean_dihedral_rmsd2.0,dihedral,2.0,pdb_minimized/1ycc_clean_minimized.pdb,pdb_perturbed/1ycc_clean_dihedral_rmsd2.0.pdb,af2_outputs/1ycc_clean_dihedral_rmsd2.0__seq001_unrelaxed_rank_001_alphafold2_ptm_model_1_seed_000.pdb,0.9717521071434021,10.534918785095215,9.563166677951813,10.84115867375276,94.31440366972475,3.340506286102616
"1ycc_clean_ideal,_seq001","1ycc_clean_ideal,",1ycc_clean_ideal,ideal,0.0,pdb_minimized/1ycc_clean_minimized.pdb,pdb_perturbed/1ycc_clean_ideal.pdb,af2_outputs/1ycc_clean_ideal__seq001_unrelaxed_rank_001_alphafold2_ptm_model_1_seed_000.pdb,0.9717521071434021,0.9717521071434021,0.0,1.0,94.31440366972475,3.340506286102616
